CustomerID,CustomerName,Segment,RegionID,JoinDate,CustomerTier
C0001,Pooja Singh,Corporate,R03,2022-07-21,Silver
C0002,Meera Malhotra,Consumer,R08,2022-01-17,Standard
C0003,Aditi Patel,Consumer,R06,2022-11-18,Standard
C0004,Aditi Singh,Consumer,R05,2023-06-02,Standard
C0005,Neha Mehta,Consumer,R01,2025-09-10,Silver
C0006,Priya Patel,Corporate,R01,2025-12-06,Standard
C0007,Rohan Sharma,Corporate,R01,2025-09-03,Gold
C0008,Ankit Gupta,Consumer,R07,2023-11-12,Standard
C0009,Arjun Verma,Consumer,R05,2025-01-10,Standard
C0010,Kabir Kumar,Small Business,R05,2023-03-01,Silver
C0011,Kabir Mishra,Consumer,R01,2025-05-12,Silver
C0012,Priya Kumar,Consumer,R08,2024-10-15,Standard
C0013,Isha Mehta,Consumer,R07,2023-01-22,Standard
C0014,Pooja Joshi,Corporate,R02,2024-02-17,Platinum
C0015,Ankit Joshi,Corporate,R02,2022-04-08,Standard
C0016,Sneha Kumar,Consumer,R02,2025-09-30,Standard
C0017,Riya Kapoor,Consumer,R03,2022-07-27,Gold
C0018,Meera Verma,Corporate,R04,2023-08-09,Standard
C0019,Kabir Gupta,Corporate,R03,2022-06-15,Standard
C0020,Aditya Patel,Consumer,R03,2022-01-22,Standard
C0021,Neha Kapoor,Small Business,R05,2022-06-03,Standard
C0022,Ankit Gupta,Consumer,R01,2025-08-11,Standard
C0023,Ankit Sharma,Consumer,R03,2022-08-07,Standard
C0024,Pooja Yadav,Small Business,R03,2023-10-31,Standard
C0025,Kabir Mishra,Consumer,R04,2022-08-18,Standard
C0026,Isha Verma,Corporate,R06,2022-01-20,Gold
C0027,Ankit Kapoor,Consumer,R02,2023-07-07,Standard
C0028,Vivek Kumar,Consumer,R04,2024-08-07,Standard
C0029,Sneha Patel,Small Business,R05,2022-05-28,Gold
C0030,Kabir Patel,Consumer,R01,2025-02-05,Silver
C0031,Rahul Singh,Small Business,R05,2023-02-07,Standard
C0032,Arjun Mishra,Consumer,R02,2023-08-19,Platinum
C0033,Aarav Kumar,Consumer,R01,2023-01-02,Standard
C0034,Ananya Yadav,Consumer,R08,2025-12-08,Standard
C0035,Ananya Malhotra,Corporate,R08,2025-08-25,Gold
C0036,Pooja Mehta,Consumer,R06,2024-03-12,Silver
C0037,Karan Malhotra,Small Business,R03,2024-07-06,Standard
C0038,Sneha Kapoor,Consumer,R01,2025-03-03,Standard
C0039,Aditi Singh,Small Business,R05,2025-07-30,Silver
C0040,Meera Mehta,Consumer,R04,2022-03-14,Standard
C0041,Rohan Singh,Small Business,R01,2023-04-26,Gold
C0042,Rohan Verma,Corporate,R04,2025-10-07,Standard
C0043,Aarav Mehta,Corporate,R01,2023-07-14,Gold
C0044,Rohan Malhotra,Corporate,R07,2025-09-11,Silver
C0045,Neha Gupta,Corporate,R03,2024-01-15,Gold
C0046,Priya Malhotra,Corporate,R05,2022-04-10,Silver
C0047,Aditya Mehta,Consumer,R03,2024-12-18,Silver
C0048,Pooja Verma,Consumer,R04,2023-05-23,Standard
C0049,Meera Sharma,Small Business,R05,2022-09-15,Standard
C0050,Neha Verma,Corporate,R02,2023-02-17,Standard
C0051,Neha Gupta,Corporate,R08,2024-12-24,Gold
C0052,Arjun Sharma,Consumer,R06,2023-08-18,Gold
C0053,Pooja Verma,Consumer,R08,2025-03-23,Standard
C0054,Neha Kumar,Consumer,R07,2022-09-23,Standard
C0055,Karan Gupta,Corporate,R05,2024-03-31,Standard
C0056,Aditya Malhotra,Consumer,R08,2025-01-07,Silver
C0057,Vivek Singh,Consumer,R01,2025-08-31,Standard
C0058,Priya Verma,Consumer,R02,2023-10-24,Gold
C0059,Riya Kumar,Consumer,R01,2024-08-04,Platinum
C0060,Vihaan Mehta,Corporate,R03,2023-07-14,Standard
C0061,Riya Mishra,Consumer,R03,2024-07-05,Standard
C0062,Ankit Gupta,Corporate,R03,2024-06-09,Standard
C0063,Aditya Gupta,Consumer,R07,2025-06-25,Standard
C0064,Rahul Gupta,Consumer,R03,2024-05-17,Standard
C0065,Rohan Malhotra,Consumer,R03,2023-09-02,Standard
C0066,Pooja Patel,Consumer,R05,2023-02-18,Gold
C0067,Neha Mehta,Consumer,R01,2022-01-25,Standard
C0068,Ananya Sharma,Consumer,R06,2022-10-11,Silver
C0069,Ankit Sharma,Corporate,R01,2024-05-30,Gold
C0070,Aditi Joshi,Consumer,R08,2022-10-28,Gold
C0071,Meera Kapoor,Corporate,R06,2024-12-27,Standard
C0072,Vihaan Yadav,Small Business,R02,2024-10-27,Silver
C0073,Kabir Joshi,Corporate,R01,2024-03-27,Standard
C0074,Kabir Mishra,Consumer,R06,2025-03-06,Gold
C0075,Isha Mishra,Consumer,R05,2025-04-02,Silver
C0076,Meera Gupta,Consumer,R06,2022-03-24,Silver
C0077,Rohan Sharma,Consumer,R06,2025-12-14,Standard
C0078,Priya Mishra,Small Business,R01,2025-01-01,Gold
C0079,Isha Mehta,Consumer,R03,2025-06-14,Standard
C0080,Ankit Sharma,Consumer,R01,2022-02-15,Standard
C0081,Vivek Verma,Corporate,R07,2023-09-10,Standard
C0082,Rohan Gupta,Corporate,R05,2024-07-16,Standard
C0083,Neha Singh,Consumer,R03,2022-09-19,Standard
C0084,Vivek Singh,Consumer,R01,2022-06-25,Gold
C0085,Pooja Malhotra,Consumer,R03,2025-04-04,Platinum
C0086,Neha Malhotra,Consumer,R03,2023-10-19,Standard
C0087,Arjun Mehta,Consumer,R06,2024-04-21,Standard
C0088,Karan Verma,Consumer,R05,2023-01-05,Standard
C0089,Isha Kumar,Consumer,R07,2022-02-23,Standard
C0090,Ankit Sharma,Consumer,R04,2023-11-21,Standard
C0091,Rohan Singh,Consumer,R01,2025-12-13,Gold
C0092,Vivek Sharma,Consumer,R05,2025-09-26,Standard
C0093,Pooja Mehta,Consumer,R06,2025-02-24,Standard
C0094,Neha Patel,Corporate,R05,2025-12-03,Standard
C0095,Meera Joshi,Corporate,R06,2023-01-02,Gold
C0096,Vihaan Mishra,Consumer,R04,2025-07-18,Silver
C0097,Arjun Joshi,Consumer,R04,2023-10-06,Platinum
C0098,Priya Patel,Consumer,R03,2023-01-14,Gold
C0099,Karan Patel,Corporate,R01,2022-03-14,Standard
C0100,Kabir Joshi,Corporate,R01,2024-07-03,Standard
C0101,Neha Mishra,Consumer,R01,2025-06-25,Silver
C0102,Vivek Joshi,Small Business,R05,2024-05-09,Standard
C0103,Sneha Malhotra,Consumer,R03,2022-02-12,Silver
C0104,Vihaan Kapoor,Consumer,R04,2023-01-12,Standard
C0105,Neha Gupta,Corporate,R07,2024-11-30,Standard
C0106,Aditi Malhotra,Small Business,R03,2022-06-19,Silver
C0107,Priya Mishra,Corporate,R03,2022-07-31,Silver
C0108,Ankit Singh,Corporate,R06,2022-02-08,Gold
C0109,Karan Verma,Consumer,R02,2023-01-04,Standard
C0110,Priya Patel,Corporate,R01,2024-01-27,Silver
C0111,Aditi Kapoor,Consumer,R03,2022-05-31,Standard
C0112,Pooja Malhotra,Small Business,R02,2025-02-08,Standard
C0113,Vihaan Gupta,Consumer,R08,2025-12-30,Standard
C0114,Karan Singh,Corporate,R06,2024-12-06,Standard
C0115,Rahul Yadav,Consumer,R05,2024-10-20,Standard
C0116,Karan Joshi,Corporate,R07,2024-01-07,Standard
C0117,Simran Yadav,Consumer,R06,2025-10-21,Standard
C0118,Ananya Joshi,Corporate,R02,2022-03-10,Standard
C0119,Vihaan Patel,Consumer,R07,2022-10-26,Standard
C0120,Isha Mishra,Consumer,R04,2024-08-01,Standard
C0121,Meera Singh,Consumer,R06,2024-03-12,Standard
C0122,Vivek Sharma,Consumer,R07,2022-10-23,Silver
C0123,Aarav Joshi,Small Business,R03,2022-07-22,Standard
C0124,Aditya Kumar,Consumer,R01,2022-03-02,Standard
C0125,Aarav Gupta,Small Business,R02,2024-08-03,Standard
C0126,Ananya Sharma,Consumer,R03,2024-08-20,Silver
C0127,Karan Gupta,Consumer,R06,2025-08-30,Gold
C0128,Isha Joshi,Corporate,R07,2025-03-30,Gold
C0129,Ankit Yadav,Corporate,R01,2022-11-27,Silver
C0130,Ananya Singh,Consumer,R04,2022-12-04,Silver
C0131,Kabir Kumar,Consumer,R03,2025-08-20,Silver
C0132,Vivek Patel,Corporate,R02,2025-09-23,Silver
C0133,Ankit Mishra,Consumer,R01,2023-10-01,Standard
C0134,Karan Verma,Small Business,R03,2022-10-02,Standard
C0135,Aarav Malhotra,Small Business,R08,2025-04-02,Standard
C0136,Rohan Mehta,Corporate,R03,2022-11-15,Gold
C0137,Pooja Gupta,Consumer,R04,2023-08-12,Silver
C0138,Arjun Malhotra,Corporate,R05,2023-05-19,Silver
C0139,Priya Joshi,Consumer,R03,2023-01-22,Standard
C0140,Ananya Gupta,Consumer,R08,2024-05-19,Standard
C0141,Priya Patel,Consumer,R08,2024-04-12,Standard
C0142,Meera Singh,Consumer,R03,2024-10-11,Standard
C0143,Aditi Kumar,Small Business,R04,2023-08-26,Gold
C0144,Aarav Gupta,Corporate,R03,2023-11-22,Silver
C0145,Simran Gupta,Corporate,R03,2023-05-09,Standard
C0146,Sneha Kumar,Consumer,R01,2023-05-05,Gold
C0147,Vihaan Joshi,Consumer,R05,2023-12-22,Standard
C0148,Pooja Sharma,Consumer,R04,2025-01-01,Platinum
C0149,Arjun Yadav,Small Business,R01,2023-05-24,Standard
C0150,Aarav Kapoor,Consumer,R03,2023-01-25,Standard
C0151,Kabir Yadav,Small Business,R07,2022-10-22,Standard
C0152,Vihaan Gupta,Consumer,R02,2025-10-24,Standard
C0153,Ankit Patel,Consumer,R01,2024-03-06,Standard
C0154,Ananya Singh,Corporate,R04,2024-05-14,Silver
C0155,Ananya Yadav,Consumer,R08,2023-07-03,Gold
C0156,Arjun Kapoor,Small Business,R03,2023-10-11,Gold
C0157,Karan Kapoor,Small Business,R05,2023-07-22,Standard
C0158,Meera Joshi,Consumer,R06,2025-04-25,Silver
C0159,Rohan Kumar,Consumer,R02,2024-05-02,Standard
C0160,Vivek Kapoor,Corporate,R06,2024-02-09,Standard
C0161,Kabir Yadav,Small Business,R03,2023-03-21,Silver
C0162,Sneha Singh,Consumer,R05,2022-12-29,Silver
C0163,Aditi Kapoor,Corporate,R05,2022-05-03,Standard
C0164,Karan Mehta,Corporate,R04,2025-04-26,Standard
C0165,Rahul Singh,Corporate,R01,2024-01-12,Platinum
C0166,Isha Gupta,Consumer,R07,2023-11-11,Standard
C0167,Sneha Yadav,Corporate,R03,2023-02-24,Standard
C0168,Simran Kapoor,Small Business,R02,2025-06-29,Silver
C0169,Ananya Patel,Consumer,R01,2025-09-20,Standard
C0170,Priya Malhotra,Consumer,R05,2022-04-02,Standard
C0171,Ananya Malhotra,Small Business,R05,2022-03-04,Standard
C0172,Riya Malhotra,Consumer,R01,2023-05-27,Gold
C0173,Sneha Kapoor,Small Business,R04,2025-03-08,Silver
C0174,Simran Gupta,Consumer,R02,2025-04-23,Silver
C0175,Pooja Malhotra,Consumer,R05,2025-05-13,Platinum
C0176,Sneha Sharma,Small Business,R02,2024-02-11,Gold
C0177,Simran Verma,Consumer,R05,2025-05-22,Standard
C0178,Aditi Singh,Consumer,R03,2022-09-13,Standard
C0179,Rahul Yadav,Consumer,R08,2022-05-15,Silver
C0180,Vivek Joshi,Corporate,R01,2024-05-24,Silver
C0181,Pooja Malhotra,Consumer,R03,2024-04-01,Silver
C0182,Pooja Patel,Consumer,R01,2022-03-29,Silver
C0183,Meera Malhotra,Small Business,R08,2024-09-14,Standard
C0184,Aarav Kumar,Consumer,R07,2025-05-15,Standard
C0185,Priya Singh,Corporate,R03,2025-02-26,Standard
C0186,Ankit Sharma,Consumer,R05,2024-04-02,Standard
C0187,Isha Patel,Corporate,R06,2024-10-23,Standard
C0188,Arjun Kapoor,Consumer,R05,2024-08-31,Silver
C0189,Rahul Sharma,Small Business,R04,2024-07-22,Silver
C0190,Kabir Kapoor,Consumer,R03,2022-05-01,Standard
C0191,Ankit Joshi,Consumer,R01,2025-11-09,Standard
C0192,Pooja Gupta,Consumer,R07,2024-11-27,Silver
C0193,Rahul Mishra,Consumer,R07,2025-09-26,Standard
C0194,Rahul Mishra,Consumer,R05,2024-10-04,Silver
C0195,Ankit Gupta,Consumer,R03,2024-07-13,Gold
C0196,Aditi Mishra,Corporate,R03,2023-10-07,Gold
C0197,Vivek Kapoor,Consumer,R06,2023-12-15,Silver
C0198,Kabir Kapoor,Consumer,R07,2024-05-09,Silver
C0199,Ananya Singh,Corporate,R07,2022-01-21,Standard
C0200,Kabir Singh,Corporate,R06,2022-08-30,Standard
C0201,Arjun Verma,Consumer,R05,2023-03-31,Standard
C0202,Kabir Patel,Consumer,R01,2024-08-20,Platinum
C0203,Sneha Patel,Consumer,R02,2023-09-13,Standard
C0204,Kabir Mishra,Corporate,R07,2022-10-30,Standard
C0205,Vihaan Sharma,Corporate,R05,2024-03-13,Gold
C0206,Pooja Patel,Consumer,R01,2024-08-21,Platinum
C0207,Meera Yadav,Corporate,R01,2022-03-10,Gold
C0208,Sneha Mishra,Corporate,R05,2025-02-26,Standard
C0209,Aditya Patel,Corporate,R01,2022-07-15,Standard
C0210,Simran Kumar,Small Business,R02,2022-05-20,Standard
C0211,Ankit Mehta,Consumer,R05,2022-10-10,Standard
C0212,Aditi Joshi,Consumer,R05,2022-11-08,Standard
C0213,Vihaan Yadav,Consumer,R05,2024-01-16,Standard
C0214,Vivek Mishra,Consumer,R02,2022-10-04,Platinum
C0215,Simran Yadav,Consumer,R05,2022-03-02,Standard
C0216,Pooja Singh,Small Business,R02,2025-09-04,Silver
C0217,Kabir Patel,Consumer,R03,2022-02-21,Silver
C0218,Rohan Mehta,Consumer,R06,2022-06-02,Standard
C0219,Priya Mehta,Consumer,R05,2025-08-27,Silver
C0220,Arjun Mehta,Small Business,R07,2023-06-28,Standard
C0221,Kabir Kumar,Consumer,R05,2023-07-21,Standard
C0222,Neha Mehta,Consumer,R05,2025-11-13,Silver
C0223,Vihaan Mishra,Consumer,R01,2023-09-14,Standard
C0224,Simran Kumar,Consumer,R03,2025-04-15,Platinum
C0225,Riya Kapoor,Small Business,R03,2025-10-17,Standard
C0226,Riya Verma,Small Business,R03,2022-11-10,Silver
C0227,Pooja Sharma,Consumer,R08,2024-03-17,Standard
C0228,Ananya Joshi,Small Business,R03,2024-04-27,Standard
C0229,Aditya Malhotra,Corporate,R07,2022-04-07,Standard
C0230,Sneha Kumar,Small Business,R05,2024-05-30,Silver
C0231,Aditya Mehta,Consumer,R06,2025-05-21,Gold
C0232,Rohan Mishra,Consumer,R04,2024-04-08,Gold
C0233,Aditi Mehta,Consumer,R05,2022-05-17,Silver
C0234,Arjun Malhotra,Corporate,R04,2024-10-26,Gold
C0235,Isha Patel,Consumer,R02,2024-10-07,Silver
C0236,Vihaan Patel,Consumer,R06,2022-04-19,Silver
C0237,Ankit Mehta,Consumer,R03,2023-07-01,Silver
C0238,Aarav Joshi,Corporate,R01,2024-11-28,Silver
C0239,Aditya Verma,Consumer,R05,2023-10-24,Gold
C0240,Ankit Gupta,Corporate,R02,2023-03-01,Standard
C0241,Meera Kumar,Small Business,R08,2023-09-22,Gold
C0242,Kabir Malhotra,Consumer,R08,2022-09-18,Silver
C0243,Aditya Mehta,Corporate,R07,2025-12-20,Standard
C0244,Priya Singh,Consumer,R03,2022-03-28,Standard
C0245,Kabir Patel,Small Business,R01,2023-04-10,Standard
C0246,Kabir Gupta,Consumer,R08,2022-03-17,Silver
C0247,Aditya Kapoor,Corporate,R03,2023-04-16,Gold
C0248,Aditya Sharma,Corporate,R08,2023-02-18,Standard
C0249,Arjun Sharma,Small Business,R08,2024-04-04,Gold
C0250,Aarav Sharma,Corporate,R07,2024-06-13,Gold
C0251,Priya Malhotra,Consumer,R03,2023-12-27,Standard
C0252,Arjun Sharma,Corporate,R03,2023-04-02,Gold
C0253,Priya Mishra,Small Business,R07,2025-08-01,Platinum
C0254,Meera Kumar,Consumer,R03,2025-06-16,Silver
C0255,Priya Kumar,Consumer,R02,2023-10-15,Gold
C0256,Priya Sharma,Small Business,R05,2023-11-03,Platinum
C0257,Sneha Joshi,Corporate,R08,2025-10-27,Silver
C0258,Neha Joshi,Corporate,R05,2023-05-10,Standard
C0259,Riya Mishra,Consumer,R05,2024-12-04,Gold
C0260,Neha Patel,Corporate,R01,2025-11-25,Silver
C0261,Aarav Sharma,Consumer,R05,2025-06-24,Silver
C0262,Isha Joshi,Corporate,R08,2023-08-20,Standard
C0263,Aditya Malhotra,Consumer,R01,2023-03-26,Gold
C0264,Riya Verma,Corporate,R04,2023-04-30,Standard
C0265,Sneha Malhotra,Small Business,R07,2023-10-08,Gold
C0266,Karan Joshi,Consumer,R06,2023-09-12,Standard
C0267,Vihaan Malhotra,Small Business,R05,2024-11-07,Standard
C0268,Aarav Mishra,Consumer,R05,2023-10-24,Standard
C0269,Aditya Yadav,Small Business,R03,2024-01-28,Standard
C0270,Pooja Mehta,Corporate,R03,2022-10-16,Silver
C0271,Simran Verma,Consumer,R06,2025-12-08,Gold
C0272,Neha Joshi,Corporate,R06,2023-12-22,Gold
C0273,Aarav Kumar,Small Business,R07,2023-09-30,Standard
C0274,Isha Verma,Consumer,R07,2022-08-23,Standard
C0275,Aditi Patel,Consumer,R04,2023-02-20,Gold
C0276,Karan Mehta,Corporate,R04,2024-07-26,Gold
C0277,Rahul Singh,Corporate,R06,2023-05-14,Standard
C0278,Karan Singh,Corporate,R05,2024-08-31,Silver
C0279,Kabir Kapoor,Corporate,R05,2023-09-26,Standard
C0280,Aarav Singh,Consumer,R06,2024-10-16,Gold
C0281,Priya Yadav,Corporate,R07,2022-04-25,Silver
C0282,Sneha Joshi,Consumer,R03,2024-07-20,Standard
C0283,Simran Sharma,Consumer,R03,2023-11-05,Standard
C0284,Pooja Gupta,Consumer,R01,2025-06-11,Gold
C0285,Aditi Joshi,Consumer,R05,2024-10-31,Standard
C0286,Aditya Yadav,Consumer,R01,2022-07-25,Standard
C0287,Arjun Mishra,Consumer,R04,2022-09-04,Silver
C0288,Kabir Sharma,Corporate,R05,2024-01-28,Standard
C0289,Rahul Malhotra,Consumer,R03,2025-02-24,Standard
C0290,Neha Singh,Consumer,R05,2022-05-27,Gold
C0291,Karan Mehta,Consumer,R01,2022-04-28,Gold
C0292,Vihaan Kumar,Consumer,R01,2025-11-06,Gold
C0293,Kabir Mehta,Consumer,R07,2023-02-16,Gold
C0294,Isha Kapoor,Consumer,R03,2022-12-29,Silver
C0295,Ananya Sharma,Corporate,R01,2022-05-17,Gold
C0296,Ankit Malhotra,Corporate,R04,2025-04-13,Standard
C0297,Isha Mehta,Corporate,R06,2025-08-05,Silver
C0298,Meera Mehta,Consumer,R02,2024-08-15,Platinum
C0299,Neha Kumar,Consumer,R05,2022-01-19,Standard
C0300,Priya Kapoor,Small Business,R01,2022-07-14,Standard
C0301,Karan Mehta,Consumer,R01,2022-11-26,Silver
C0302,Sneha Joshi,Consumer,R04,2022-06-24,Standard
C0303,Kabir Mehta,Consumer,R05,2024-09-28,Standard
C0304,Riya Verma,Consumer,R05,2023-03-25,Gold
C0305,Aditi Verma,Consumer,R06,2024-08-03,Platinum
C0306,Vihaan Sharma,Consumer,R08,2025-10-09,Standard
C0307,Sneha Kumar,Corporate,R04,2022-05-21,Standard
C0308,Ankit Singh,Consumer,R03,2024-01-28,Standard
C0309,Isha Singh,Corporate,R06,2024-07-18,Gold
C0310,Aditya Yadav,Corporate,R03,2022-04-03,Standard
C0311,Arjun Singh,Corporate,R03,2022-08-27,Standard
C0312,Riya Singh,Corporate,R01,2022-07-24,Standard
C0313,Priya Kumar,Small Business,R01,2023-07-14,Standard
C0314,Simran Malhotra,Consumer,R08,2025-12-27,Silver
C0315,Simran Verma,Consumer,R07,2022-09-02,Gold
C0316,Ankit Kapoor,Consumer,R05,2024-04-11,Silver
C0317,Neha Mehta,Corporate,R03,2025-09-02,Silver
C0318,Rohan Patel,Small Business,R02,2024-07-13,Standard
C0319,Aditya Singh,Consumer,R01,2022-10-22,Silver
C0320,Ankit Yadav,Small Business,R03,2023-10-02,Silver
C0321,Aditi Gupta,Consumer,R05,2024-05-05,Standard
C0322,Meera Singh,Small Business,R05,2025-07-29,Silver
C0323,Rohan Gupta,Consumer,R05,2022-01-17,Standard
C0324,Arjun Singh,Consumer,R03,2022-03-12,Gold
C0325,Kabir Gupta,Consumer,R08,2025-07-16,Standard
C0326,Ananya Sharma,Consumer,R06,2025-09-10,Platinum
C0327,Meera Gupta,Consumer,R05,2022-11-01,Standard
C0328,Isha Verma,Consumer,R05,2024-10-27,Gold
C0329,Sneha Sharma,Corporate,R03,2025-08-30,Silver
C0330,Vihaan Sharma,Consumer,R03,2024-03-27,Gold
C0331,Vihaan Mishra,Consumer,R03,2025-01-31,Standard
C0332,Ananya Singh,Corporate,R06,2024-03-31,Silver
C0333,Rohan Gupta,Corporate,R01,2022-07-12,Gold
C0334,Vihaan Patel,Consumer,R01,2023-06-13,Standard
C0335,Rohan Mishra,Consumer,R01,2022-06-20,Standard
C0336,Aditya Sharma,Consumer,R01,2022-09-08,Silver
C0337,Simran Yadav,Consumer,R07,2025-11-11,Silver
C0338,Aditya Patel,Corporate,R05,2025-05-15,Standard
C0339,Rahul Mishra,Consumer,R04,2023-06-25,Standard
C0340,Sneha Singh,Consumer,R01,2023-02-20,Standard
C0341,Vihaan Malhotra,Corporate,R04,2024-03-04,Gold
C0342,Aditya Joshi,Consumer,R04,2025-11-04,Silver
C0343,Sneha Yadav,Consumer,R02,2025-03-13,Gold
C0344,Rahul Verma,Consumer,R03,2022-01-25,Platinum
C0345,Aarav Yadav,Small Business,R03,2023-10-30,Standard
C0346,Aditi Kapoor,Consumer,R05,2025-01-01,Standard
C0347,Riya Joshi,Corporate,R05,2023-09-24,Standard
C0348,Rohan Mehta,Consumer,R01,2025-01-21,Standard
C0349,Rohan Kumar,Consumer,R03,2023-05-20,Platinum
C0350,Ananya Kumar,Corporate,R05,2022-12-02,Silver
C0351,Isha Kumar,Small Business,R04,2023-03-01,Standard
C0352,Ankit Mehta,Corporate,R07,2023-05-14,Standard
C0353,Vihaan Verma,Corporate,R05,2025-10-19,Silver
C0354,Pooja Yadav,Small Business,R02,2024-08-04,Silver
C0355,Ananya Kapoor,Consumer,R01,2023-09-22,Standard
C0356,Ankit Verma,Consumer,R05,2025-05-07,Platinum
C0357,Rohan Gupta,Corporate,R01,2023-12-19,Silver
C0358,Ananya Joshi,Consumer,R05,2025-12-07,Standard
C0359,Rahul Patel,Corporate,R08,2022-12-05,Gold
C0360,Vihaan Yadav,Small Business,R05,2023-10-21,Standard
C0361,Aditya Mehta,Consumer,R03,2024-08-19,Gold
C0362,Sneha Malhotra,Consumer,R05,2023-03-05,Platinum
C0363,Aarav Kumar,Corporate,R04,2024-06-17,Silver
C0364,Simran Sharma,Consumer,R05,2022-05-19,Gold
C0365,Rohan Malhotra,Corporate,R08,2024-07-30,Standard
C0366,Simran Malhotra,Consumer,R03,2023-06-26,Platinum
C0367,Aarav Joshi,Corporate,R08,2022-02-26,Silver
C0368,Simran Mehta,Consumer,R07,2025-06-09,Silver
C0369,Aarav Kapoor,Corporate,R02,2023-10-20,Gold
C0370,Ankit Malhotra,Consumer,R01,2023-03-11,Platinum
C0371,Isha Singh,Corporate,R01,2023-01-19,Gold
C0372,Simran Verma,Consumer,R01,2023-07-14,Standard
C0373,Aditya Yadav,Corporate,R01,2022-07-13,Platinum
C0374,Rahul Yadav,Small Business,R05,2023-06-18,Silver
C0375,Karan Verma,Consumer,R01,2023-06-02,Platinum
C0376,Neha Patel,Consumer,R03,2023-12-17,Silver
C0377,Rahul Singh,Consumer,R07,2024-01-21,Standard
C0378,Karan Mishra,Corporate,R01,2022-07-04,Standard
C0379,Riya Kapoor,Corporate,R06,2022-10-19,Silver
C0380,Rohan Sharma,Consumer,R03,2025-09-20,Gold
C0381,Rahul Patel,Consumer,R01,2024-01-02,Standard
C0382,Sneha Gupta,Consumer,R05,2022-04-26,Silver
C0383,Aditi Patel,Corporate,R05,2024-04-04,Standard
C0384,Vivek Mishra,Consumer,R07,2024-12-08,Gold
C0385,Ananya Yadav,Small Business,R06,2023-11-16,Standard
C0386,Vihaan Mehta,Consumer,R06,2022-03-23,Standard
C0387,Vivek Kapoor,Corporate,R03,2024-04-13,Standard
C0388,Simran Yadav,Consumer,R02,2022-11-29,Standard
C0389,Arjun Verma,Consumer,R06,2023-07-11,Silver
C0390,Simran Gupta,Corporate,R06,2022-12-01,Standard
C0391,Vivek Singh,Corporate,R08,2023-06-16,Standard
C0392,Vivek Kumar,Small Business,R03,2022-08-09,Platinum
C0393,Rohan Verma,Consumer,R03,2023-09-27,Gold
C0394,Aarav Joshi,Consumer,R06,2022-11-19,Standard
C0395,Pooja Sharma,Corporate,R03,2022-01-03,Platinum
C0396,Priya Verma,Consumer,R08,2022-07-25,Standard
C0397,Kabir Mishra,Consumer,R07,2022-02-09,Silver
C0398,Pooja Kumar,Consumer,R03,2022-02-28,Silver
C0399,Neha Sharma,Consumer,R06,2024-08-08,Standard
C0400,Kabir Kumar,Small Business,R06,2023-07-28,Standard
C0401,Isha Sharma,Consumer,R01,2023-10-06,Standard
C0402,Ananya Kapoor,Consumer,R07,2024-04-22,Standard
C0403,Priya Patel,Consumer,R04,2025-02-19,Silver
C0404,Neha Sharma,Consumer,R07,2023-09-11,Standard
C0405,Kabir Gupta,Consumer,R03,2022-04-06,Standard
C0406,Karan Malhotra,Consumer,R07,2025-12-08,Standard
C0407,Ananya Singh,Consumer,R03,2025-06-12,Standard
C0408,Priya Gupta,Corporate,R01,2024-06-16,Silver
C0409,Ananya Malhotra,Consumer,R07,2024-12-21,Standard
C0410,Isha Mehta,Consumer,R01,2025-07-03,Gold
C0411,Pooja Kumar,Small Business,R03,2023-07-15,Standard
C0412,Riya Kumar,Corporate,R08,2024-06-23,Standard
C0413,Karan Kumar,Consumer,R08,2022-12-14,Silver
C0414,Rahul Yadav,Consumer,R05,2023-11-02,Standard
C0415,Priya Malhotra,Consumer,R05,2025-02-21,Silver
C0416,Rohan Singh,Corporate,R04,2022-11-13,Silver
C0417,Priya Mishra,Small Business,R03,2023-12-20,Standard
C0418,Rahul Malhotra,Corporate,R03,2024-12-07,Standard
C0419,Pooja Mishra,Consumer,R05,2025-12-03,Standard
C0420,Riya Mehta,Corporate,R06,2025-03-05,Standard
C0421,Ankit Kumar,Consumer,R06,2025-05-09,Standard
C0422,Rohan Joshi,Consumer,R06,2022-09-07,Standard
C0423,Riya Kapoor,Consumer,R01,2022-11-10,Standard
C0424,Pooja Malhotra,Small Business,R04,2025-10-23,Silver
C0425,Isha Mishra,Consumer,R01,2025-12-23,Silver
C0426,Ananya Sharma,Corporate,R05,2024-03-17,Silver
C0427,Sneha Mehta,Consumer,R04,2025-08-30,Standard
C0428,Simran Malhotra,Consumer,R07,2025-10-10,Standard
C0429,Aditi Verma,Consumer,R03,2023-04-30,Gold
C0430,Isha Sharma,Consumer,R01,2025-05-19,Silver
C0431,Isha Gupta,Corporate,R01,2022-02-13,Gold
C0432,Rohan Kapoor,Consumer,R06,2023-07-25,Standard
C0433,Aditi Singh,Corporate,R05,2023-08-06,Silver
C0434,Aditi Sharma,Corporate,R01,2025-01-20,Silver
C0435,Ankit Kapoor,Small Business,R01,2025-07-12,Standard
C0436,Sneha Singh,Consumer,R05,2024-06-13,Standard
C0437,Priya Mehta,Consumer,R01,2022-08-08,Silver
C0438,Pooja Patel,Consumer,R07,2024-07-13,Standard
C0439,Vihaan Malhotra,Small Business,R05,2023-02-05,Standard
C0440,Simran Mishra,Small Business,R01,2025-11-24,Gold
C0441,Ananya Gupta,Consumer,R01,2023-12-28,Gold
C0442,Meera Patel,Corporate,R08,2024-09-17,Standard
C0443,Vihaan Sharma,Consumer,R03,2024-06-17,Standard
C0444,Karan Gupta,Corporate,R03,2024-05-07,Standard
C0445,Isha Gupta,Consumer,R06,2024-03-14,Silver
C0446,Vihaan Kapoor,Corporate,R08,2023-05-05,Standard
C0447,Karan Kapoor,Consumer,R08,2024-07-26,Platinum
C0448,Aarav Malhotra,Corporate,R06,2024-04-23,Standard
C0449,Vihaan Gupta,Corporate,R03,2025-07-16,Standard
C0450,Riya Kumar,Corporate,R01,2022-09-24,Silver
C0451,Pooja Patel,Consumer,R06,2022-02-23,Gold
C0452,Aditya Sharma,Consumer,R05,2023-06-12,Standard
C0453,Vivek Yadav,Consumer,R03,2023-09-08,Standard
C0454,Riya Mishra,Consumer,R07,2024-12-18,Platinum
C0455,Vihaan Mishra,Consumer,R01,2024-11-29,Standard
C0456,Rahul Kapoor,Small Business,R04,2025-06-14,Gold
C0457,Simran Patel,Consumer,R01,2024-08-12,Standard
C0458,Simran Patel,Consumer,R04,2023-01-21,Gold
C0459,Priya Joshi,Consumer,R01,2024-01-04,Silver
C0460,Arjun Sharma,Consumer,R01,2023-12-17,Standard
C0461,Arjun Mehta,Corporate,R01,2023-10-12,Gold
C0462,Ananya Sharma,Consumer,R05,2022-10-27,Standard
C0463,Karan Gupta,Small Business,R06,2023-01-30,Standard
C0464,Arjun Kapoor,Consumer,R05,2025-05-15,Silver
C0465,Karan Patel,Small Business,R08,2025-09-21,Standard
C0466,Aditya Kumar,Small Business,R03,2023-08-16,Silver
C0467,Arjun Gupta,Consumer,R03,2023-05-29,Standard
C0468,Karan Singh,Small Business,R07,2025-04-16,Standard
C0469,Arjun Malhotra,Consumer,R02,2023-01-31,Standard
C0470,Meera Kapoor,Corporate,R08,2023-01-06,Standard
C0471,Ananya Verma,Consumer,R01,2024-05-07,Standard
C0472,Simran Verma,Small Business,R08,2024-03-01,Gold
C0473,Aditi Malhotra,Small Business,R01,2023-10-20,Gold
C0474,Meera Joshi,Corporate,R07,2025-09-03,Gold
C0475,Karan Mishra,Corporate,R04,2024-01-06,Standard
C0476,Neha Kumar,Consumer,R08,2025-10-24,Standard
C0477,Riya Patel,Consumer,R01,2023-01-19,Standard
C0478,Meera Gupta,Consumer,R05,2022-03-03,Standard
C0479,Vihaan Sharma,Consumer,R08,2023-05-20,Silver
C0480,Simran Mehta,Corporate,R04,2022-08-27,Standard
C0481,Meera Sharma,Consumer,R05,2022-07-14,Standard
C0482,Priya Mishra,Small Business,R05,2023-11-09,Platinum
C0483,Karan Kumar,Corporate,R04,2025-05-30,Standard
C0484,Aditya Patel,Corporate,R05,2022-03-02,Standard
C0485,Neha Yadav,Consumer,R05,2025-02-26,Standard
C0486,Vihaan Kumar,Small Business,R07,2024-09-16,Standard
C0487,Priya Gupta,Small Business,R01,2023-11-16,Gold
C0488,Rahul Sharma,Consumer,R03,2022-06-05,Standard
C0489,Isha Yadav,Corporate,R08,2025-11-02,Standard
C0490,Riya Malhotra,Corporate,R07,2024-07-11,Standard
C0491,Rohan Mehta,Consumer,R04,2024-05-17,Standard
C0492,Sneha Kumar,Consumer,R05,2024-06-21,Standard
C0493,Simran Yadav,Consumer,R03,2024-09-25,Gold
C0494,Aditi Mishra,Consumer,R02,2025-12-31,Gold
C0495,Karan Kumar,Consumer,R04,2024-09-01,Gold
C0496,Ankit Sharma,Consumer,R03,2025-05-15,Standard
C0497,Vivek Singh,Consumer,R05,2023-01-23,Gold
C0498,Pooja Gupta,Consumer,R01,2024-06-05,Silver
C0499,Meera Mishra,Small Business,R08,2024-04-17,Standard
C0500,Isha Mehta,Consumer,R08,2025-09-25,Silver
C0501,Priya Gupta,Small Business,R05,2022-12-06,Standard
C0502,Simran Kapoor,Consumer,R04,2022-07-23,Standard
C0503,Aarav Joshi,Consumer,R03,2022-06-10,Silver
C0504,Aarav Patel,Consumer,R06,2023-01-27,Standard
C0505,Aditya Kapoor,Consumer,R05,2024-02-08,Silver
C0506,Vihaan Mehta,Consumer,R02,2023-07-29,Standard
C0507,Aarav Singh,Corporate,R07,2023-06-18,Gold
C0508,Aditya Kumar,Consumer,R07,2024-12-29,Platinum
C0509,Kabir Yadav,Corporate,R08,2024-06-11,Gold
C0510,Meera Joshi,Corporate,R06,2023-02-09,Standard
C0511,Pooja Kumar,Consumer,R05,2023-08-31,Standard
C0512,Ananya Gupta,Consumer,R03,2024-04-07,Standard
C0513,Aditya Kumar,Corporate,R08,2025-02-17,Standard
C0514,Meera Kumar,Consumer,R07,2023-11-21,Standard
C0515,Rohan Mehta,Consumer,R01,2024-06-20,Silver
C0516,Sneha Verma,Small Business,R01,2025-05-25,Silver
C0517,Kabir Gupta,Consumer,R03,2022-02-25,Platinum
C0518,Karan Kumar,Corporate,R06,2023-01-01,Standard
C0519,Vihaan Mishra,Small Business,R08,2023-03-31,Standard
C0520,Meera Patel,Consumer,R01,2022-04-14,Standard
C0521,Aditi Malhotra,Consumer,R05,2022-03-18,Gold
C0522,Vihaan Sharma,Consumer,R03,2022-08-18,Gold
C0523,Rohan Mishra,Consumer,R08,2025-07-05,Gold
C0524,Rohan Sharma,Consumer,R07,2025-07-11,Gold
C0525,Ankit Yadav,Corporate,R07,2022-11-27,Silver
C0526,Rohan Mehta,Consumer,R04,2025-04-20,Standard
C0527,Priya Mehta,Consumer,R03,2024-06-11,Standard
C0528,Rohan Gupta,Small Business,R03,2023-11-19,Silver
C0529,Arjun Joshi,Corporate,R01,2022-01-27,Standard
C0530,Arjun Malhotra,Corporate,R07,2025-07-23,Standard
C0531,Rohan Gupta,Consumer,R06,2022-10-26,Platinum
C0532,Rahul Verma,Corporate,R08,2024-08-14,Platinum
C0533,Arjun Yadav,Consumer,R08,2024-03-09,Gold
C0534,Vihaan Sharma,Consumer,R05,2025-01-19,Gold
C0535,Isha Mishra,Consumer,R06,2023-04-25,Silver
C0536,Karan Mehta,Small Business,R08,2023-07-27,Standard
C0537,Vihaan Kapoor,Consumer,R07,2023-04-03,Standard
C0538,Aarav Verma,Consumer,R03,2022-12-31,Silver
C0539,Simran Yadav,Consumer,R04,2024-05-08,Silver
C0540,Rahul Mishra,Consumer,R01,2022-12-17,Standard
C0541,Karan Kumar,Corporate,R08,2025-11-24,Gold
C0542,Priya Yadav,Corporate,R05,2022-09-10,Standard
C0543,Priya Mehta,Corporate,R02,2024-02-20,Standard
C0544,Isha Patel,Consumer,R05,2024-03-13,Silver
C0545,Ananya Mishra,Consumer,R05,2024-10-08,Standard
C0546,Neha Malhotra,Consumer,R03,2023-04-04,Standard
C0547,Ankit Singh,Consumer,R01,2024-07-05,Standard
C0548,Karan Mehta,Consumer,R05,2023-05-14,Gold
C0549,Vihaan Gupta,Corporate,R04,2024-08-07,Standard
C0550,Aarav Kapoor,Consumer,R06,2023-05-23,Silver
C0551,Sneha Verma,Consumer,R04,2025-08-20,Silver
C0552,Ankit Joshi,Consumer,R07,2023-05-16,Standard
C0553,Vihaan Kapoor,Consumer,R05,2024-03-13,Platinum
C0554,Aditya Gupta,Consumer,R05,2023-08-21,Standard
C0555,Pooja Singh,Small Business,R07,2022-06-15,Platinum
C0556,Ananya Mishra,Corporate,R03,2025-12-09,Silver
C0557,Aditi Kapoor,Small Business,R01,2023-04-07,Platinum
C0558,Neha Verma,Consumer,R01,2024-07-08,Standard
C0559,Sneha Joshi,Consumer,R06,2022-04-24,Silver
C0560,Vivek Mehta,Consumer,R05,2025-12-27,Standard
C0561,Meera Verma,Consumer,R05,2024-09-18,Standard
C0562,Kabir Gupta,Corporate,R02,2025-10-11,Silver
C0563,Rahul Kapoor,Consumer,R01,2022-07-26,Standard
C0564,Ankit Malhotra,Consumer,R01,2025-06-12,Silver
C0565,Ananya Kapoor,Consumer,R03,2025-10-10,Standard
C0566,Vihaan Kumar,Consumer,R05,2023-05-30,Standard
C0567,Pooja Patel,Corporate,R03,2025-05-16,Gold
C0568,Simran Gupta,Consumer,R03,2023-12-10,Standard
C0569,Karan Joshi,Consumer,R07,2025-02-22,Silver
C0570,Vivek Joshi,Consumer,R03,2022-05-18,Silver
C0571,Sneha Mehta,Consumer,R04,2022-12-05,Gold
C0572,Riya Kapoor,Corporate,R06,2023-06-21,Standard
C0573,Aditya Singh,Small Business,R03,2022-03-09,Silver
C0574,Sneha Sharma,Small Business,R05,2023-01-18,Platinum
C0575,Pooja Verma,Corporate,R07,2022-01-19,Silver
C0576,Sneha Patel,Consumer,R08,2023-11-14,Silver
C0577,Pooja Patel,Corporate,R01,2022-03-15,Silver
C0578,Aditi Mehta,Consumer,R08,2023-07-27,Silver
C0579,Meera Gupta,Consumer,R04,2024-07-27,Silver
C0580,Isha Mehta,Corporate,R03,2025-07-23,Standard
C0581,Isha Mishra,Consumer,R04,2024-12-07,Standard
C0582,Priya Verma,Small Business,R08,2022-07-30,Gold
C0583,Priya Singh,Consumer,R04,2024-05-04,Standard
C0584,Aditi Joshi,Corporate,R03,2023-10-13,Silver
C0585,Aditi Joshi,Corporate,R05,2024-09-20,Standard
C0586,Ananya Mishra,Small Business,R03,2023-11-26,Silver
C0587,Aditya Mishra,Corporate,R01,2023-06-24,Standard
C0588,Rohan Patel,Corporate,R01,2025-04-29,Standard
C0589,Sneha Mehta,Consumer,R01,2025-08-31,Platinum
C0590,Aarav Patel,Consumer,R01,2024-06-19,Gold
C0591,Rohan Mishra,Consumer,R01,2024-02-19,Silver
C0592,Neha Mehta,Corporate,R05,2025-02-10,Standard
C0593,Aarav Kapoor,Consumer,R02,2022-06-19,Silver
C0594,Vihaan Kumar,Corporate,R03,2024-11-03,Silver
C0595,Simran Kumar,Consumer,R07,2022-10-15,Silver
C0596,Arjun Patel,Consumer,R04,2022-07-08,Standard
C0597,Ankit Mishra,Corporate,R05,2024-07-02,Silver
C0598,Aditi Kapoor,Consumer,R02,2025-03-24,Gold
C0599,Simran Sharma,Consumer,R02,2023-11-25,Platinum
C0600,Priya Singh,Consumer,R01,2024-06-06,Standard
C0601,Aditi Kapoor,Small Business,R02,2023-04-16,Silver
C0602,Ankit Singh,Corporate,R03,2025-01-03,Silver
C0603,Rohan Singh,Consumer,R02,2022-10-04,Standard
C0604,Riya Mishra,Consumer,R01,2024-07-28,Standard
C0605,Isha Kumar,Consumer,R01,2025-09-28,Standard
C0606,Rahul Singh,Corporate,R04,2025-12-19,Standard
C0607,Aarav Joshi,Corporate,R02,2023-07-25,Standard
C0608,Aditi Mishra,Consumer,R03,2024-05-06,Silver
C0609,Simran Malhotra,Consumer,R04,2024-09-27,Silver
C0610,Aditi Sharma,Consumer,R05,2025-04-20,Silver
C0611,Riya Joshi,Corporate,R01,2023-04-03,Platinum
C0612,Arjun Mishra,Corporate,R06,2024-07-06,Standard
C0613,Simran Yadav,Consumer,R05,2024-04-12,Standard
C0614,Rohan Malhotra,Consumer,R01,2024-12-23,Silver
C0615,Neha Kapoor,Consumer,R07,2024-04-18,Standard
C0616,Karan Joshi,Small Business,R08,2025-07-07,Standard
C0617,Riya Singh,Consumer,R01,2022-07-12,Standard
C0618,Isha Sharma,Corporate,R03,2023-09-08,Standard
C0619,Meera Gupta,Corporate,R06,2023-02-10,Gold
C0620,Isha Sharma,Consumer,R06,2024-07-31,Standard
C0621,Karan Verma,Consumer,R02,2023-12-22,Standard
C0622,Aditi Yadav,Consumer,R02,2022-04-03,Standard
C0623,Ananya Kapoor,Corporate,R03,2023-03-06,Silver
C0624,Simran Sharma,Corporate,R04,2023-10-16,Standard
C0625,Rahul Patel,Corporate,R05,2025-12-28,Silver
C0626,Neha Kumar,Consumer,R03,2025-11-28,Standard
C0627,Simran Malhotra,Consumer,R04,2023-03-10,Standard
C0628,Pooja Kumar,Small Business,R06,2025-02-09,Silver
C0629,Aditi Verma,Corporate,R01,2023-01-10,Standard
C0630,Aarav Kumar,Consumer,R03,2024-12-18,Standard
C0631,Vivek Mehta,Small Business,R05,2024-12-02,Standard
C0632,Karan Joshi,Corporate,R07,2022-07-26,Gold
C0633,Priya Gupta,Corporate,R04,2024-02-19,Standard
C0634,Ankit Malhotra,Corporate,R04,2025-08-12,Silver
C0635,Priya Sharma,Corporate,R01,2025-02-15,Standard
C0636,Rohan Joshi,Corporate,R04,2023-06-16,Standard
C0637,Vivek Kapoor,Consumer,R04,2025-05-30,Standard
C0638,Simran Joshi,Consumer,R03,2022-06-15,Gold
C0639,Pooja Yadav,Small Business,R03,2023-10-05,Standard
C0640,Rahul Singh,Consumer,R03,2025-03-25,Standard
C0641,Priya Malhotra,Consumer,R01,2025-04-22,Standard
C0642,Aditya Joshi,Consumer,R03,2022-03-31,Standard
C0643,Aditya Kumar,Consumer,R02,2025-01-22,Standard
C0644,Vihaan Yadav,Corporate,R03,2022-01-13,Silver
C0645,Meera Gupta,Small Business,R01,2024-08-30,Standard
C0646,Vihaan Gupta,Consumer,R07,2024-03-15,Standard
C0647,Rohan Malhotra,Consumer,R05,2024-08-02,Silver
C0648,Vivek Mehta,Consumer,R05,2024-01-12,Standard
C0649,Meera Joshi,Small Business,R06,2024-05-25,Standard
C0650,Riya Patel,Corporate,R04,2025-03-19,Standard
C0651,Karan Yadav,Consumer,R01,2023-10-22,Silver
C0652,Sneha Gupta,Corporate,R04,2024-10-28,Standard
C0653,Aditya Verma,Small Business,R05,2024-11-18,Silver
C0654,Aditya Sharma,Corporate,R06,2022-10-23,Standard
C0655,Priya Mehta,Small Business,R03,2024-09-12,Silver
C0656,Arjun Mishra,Consumer,R01,2024-07-14,Standard
C0657,Rahul Malhotra,Corporate,R03,2023-10-02,Silver
C0658,Aarav Malhotra,Consumer,R03,2022-12-06,Gold
C0659,Simran Sharma,Corporate,R05,2023-09-20,Silver
C0660,Sneha Sharma,Corporate,R05,2023-03-15,Standard
C0661,Riya Joshi,Corporate,R03,2025-03-13,Standard
C0662,Karan Joshi,Corporate,R08,2024-07-30,Standard
C0663,Kabir Joshi,Consumer,R05,2024-04-09,Standard
C0664,Meera Malhotra,Consumer,R02,2023-06-03,Standard
C0665,Vivek Malhotra,Small Business,R01,2024-09-02,Gold
C0666,Ananya Kapoor,Small Business,R01,2024-12-04,Standard
C0667,Riya Malhotra,Consumer,R03,2024-08-12,Standard
C0668,Meera Patel,Consumer,R02,2025-06-16,Silver
C0669,Kabir Gupta,Consumer,R02,2024-08-09,Silver
C0670,Rohan Sharma,Corporate,R03,2024-08-01,Standard
C0671,Pooja Patel,Corporate,R02,2022-06-04,Gold
C0672,Rohan Kumar,Consumer,R07,2025-04-19,Standard
C0673,Karan Mehta,Consumer,R01,2025-05-23,Silver
C0674,Simran Kapoor,Corporate,R04,2022-03-29,Gold
C0675,Sneha Verma,Corporate,R03,2025-07-03,Silver
C0676,Sneha Joshi,Consumer,R08,2025-01-01,Silver
C0677,Rohan Mishra,Corporate,R01,2024-07-19,Standard
C0678,Arjun Malhotra,Consumer,R03,2022-06-28,Standard
C0679,Isha Singh,Consumer,R08,2022-07-31,Silver
C0680,Meera Gupta,Consumer,R07,2025-06-11,Standard
C0681,Pooja Mehta,Corporate,R06,2023-04-10,Gold
C0682,Aditya Verma,Small Business,R03,2025-05-31,Standard
C0683,Ankit Mehta,Corporate,R02,2023-09-23,Standard
C0684,Aarav Gupta,Corporate,R05,2024-04-04,Standard
C0685,Rahul Kapoor,Consumer,R08,2025-07-11,Standard
C0686,Rohan Kumar,Consumer,R05,2025-05-15,Silver
C0687,Karan Mishra,Consumer,R05,2023-08-30,Silver
C0688,Riya Malhotra,Consumer,R03,2024-06-03,Silver
C0689,Rohan Mehta,Corporate,R06,2023-01-01,Gold
C0690,Isha Gupta,Small Business,R02,2022-10-03,Gold
C0691,Pooja Yadav,Consumer,R03,2023-01-15,Gold
C0692,Isha Yadav,Consumer,R03,2025-08-25,Standard
C0693,Ananya Malhotra,Corporate,R04,2025-07-15,Silver
C0694,Aditi Yadav,Consumer,R03,2024-08-02,Standard
C0695,Vihaan Singh,Consumer,R01,2024-12-23,Standard
C0696,Aditi Joshi,Corporate,R05,2024-03-20,Silver
C0697,Kabir Sharma,Corporate,R03,2025-10-05,Standard
C0698,Neha Verma,Consumer,R05,2024-07-13,Standard
C0699,Vihaan Mishra,Consumer,R01,2023-05-09,Standard
C0700,Arjun Yadav,Corporate,R04,2025-01-26,Standard
C0701,Riya Gupta,Consumer,R04,2024-12-30,Gold
C0702,Priya Verma,Consumer,R01,2022-12-30,Standard
C0703,Arjun Verma,Corporate,R03,2023-07-24,Standard
C0704,Kabir Verma,Consumer,R01,2024-02-02,Standard
C0705,Vivek Verma,Corporate,R01,2022-10-03,Standard
C0706,Sneha Yadav,Consumer,R08,2022-02-19,Gold
C0707,Simran Mehta,Small Business,R03,2025-10-13,Standard
C0708,Rahul Mehta,Consumer,R06,2023-12-29,Silver
C0709,Riya Yadav,Consumer,R03,2024-06-24,Silver
C0710,Arjun Yadav,Consumer,R05,2024-07-16,Platinum
C0711,Priya Mishra,Consumer,R06,2023-07-18,Silver
C0712,Aditi Patel,Small Business,R05,2024-02-22,Gold
C0713,Aditi Mehta,Small Business,R04,2023-04-30,Standard
C0714,Aarav Singh,Consumer,R03,2025-01-12,Standard
C0715,Aditi Mehta,Consumer,R03,2023-08-07,Standard
C0716,Aarav Mehta,Corporate,R08,2025-08-12,Gold
C0717,Vivek Mishra,Small Business,R07,2022-08-24,Standard
C0718,Aarav Joshi,Corporate,R08,2022-02-25,Standard
C0719,Pooja Kumar,Consumer,R01,2022-12-26,Standard
C0720,Meera Mishra,Consumer,R06,2022-04-20,Standard
C0721,Meera Patel,Corporate,R08,2022-07-11,Standard
C0722,Karan Kapoor,Consumer,R02,2024-06-22,Platinum
C0723,Isha Gupta,Corporate,R01,2025-01-21,Standard
C0724,Simran Gupta,Consumer,R06,2024-05-11,Silver
C0725,Meera Kapoor,Corporate,R05,2023-07-22,Silver
C0726,Rahul Singh,Consumer,R07,2024-12-19,Standard
C0727,Rahul Gupta,Corporate,R01,2023-10-12,Standard
C0728,Rohan Verma,Consumer,R06,2022-02-08,Standard
C0729,Aarav Malhotra,Corporate,R02,2024-12-08,Standard
C0730,Vivek Malhotra,Consumer,R02,2025-12-14,Silver
C0731,Ananya Kapoor,Consumer,R02,2023-09-29,Standard
C0732,Meera Joshi,Consumer,R06,2024-11-02,Standard
C0733,Kabir Yadav,Consumer,R05,2022-02-05,Silver
C0734,Pooja Sharma,Corporate,R04,2022-04-11,Gold
C0735,Vihaan Kumar,Corporate,R03,2025-01-14,Gold
C0736,Kabir Joshi,Corporate,R07,2025-05-31,Gold
C0737,Karan Singh,Consumer,R03,2025-09-23,Gold
C0738,Arjun Kapoor,Corporate,R06,2022-06-15,Standard
C0739,Sneha Kumar,Consumer,R03,2023-01-18,Gold
C0740,Kabir Kumar,Consumer,R03,2025-10-31,Standard
C0741,Sneha Patel,Consumer,R04,2024-02-29,Silver
C0742,Vivek Mehta,Consumer,R03,2022-01-31,Silver
C0743,Sneha Yadav,Corporate,R06,2025-10-30,Standard
C0744,Rahul Kumar,Corporate,R04,2022-01-11,Gold
C0745,Priya Patel,Corporate,R02,2025-08-18,Gold
C0746,Karan Gupta,Consumer,R07,2022-04-06,Standard
C0747,Vivek Gupta,Consumer,R03,2025-04-28,Gold
C0748,Vihaan Mehta,Consumer,R05,2023-03-29,Standard
C0749,Vihaan Patel,Consumer,R07,2022-07-11,Silver
C0750,Simran Malhotra,Consumer,R05,2023-05-01,Silver
C0751,Rohan Patel,Consumer,R01,2025-07-13,Silver
C0752,Karan Mehta,Consumer,R08,2025-12-18,Gold
C0753,Ankit Yadav,Corporate,R05,2025-02-25,Gold
C0754,Simran Mehta,Corporate,R03,2022-08-26,Gold
C0755,Ananya Yadav,Small Business,R01,2025-10-10,Standard
C0756,Priya Verma,Small Business,R06,2025-02-09,Gold
C0757,Aarav Kumar,Corporate,R05,2025-09-28,Standard
C0758,Karan Kapoor,Consumer,R04,2025-03-14,Gold
C0759,Ankit Patel,Corporate,R07,2024-12-24,Standard
C0760,Aditya Gupta,Corporate,R06,2025-06-24,Standard
C0761,Rohan Malhotra,Consumer,R01,2024-01-05,Silver
C0762,Neha Gupta,Consumer,R03,2024-09-17,Standard
C0763,Karan Verma,Corporate,R03,2024-04-04,Standard
C0764,Vihaan Gupta,Consumer,R06,2022-04-16,Standard
C0765,Karan Malhotra,Consumer,R01,2022-06-30,Standard
C0766,Arjun Patel,Corporate,R05,2022-07-03,Standard
C0767,Rahul Joshi,Consumer,R06,2022-08-14,Standard
C0768,Riya Verma,Consumer,R07,2024-02-16,Standard
C0769,Isha Mehta,Consumer,R03,2024-02-29,Standard
C0770,Aarav Joshi,Consumer,R07,2025-01-17,Silver
C0771,Priya Mishra,Consumer,R01,2023-11-19,Standard
C0772,Karan Yadav,Corporate,R07,2023-06-14,Platinum
C0773,Aarav Joshi,Consumer,R01,2025-10-26,Gold
C0774,Aditi Mehta,Consumer,R03,2024-08-29,Standard
C0775,Vivek Kapoor,Consumer,R06,2024-07-24,Gold
C0776,Aditi Kapoor,Small Business,R01,2025-11-23,Gold
C0777,Meera Malhotra,Consumer,R02,2022-04-16,Platinum
C0778,Vivek Yadav,Consumer,R06,2025-07-18,Silver
C0779,Kabir Gupta,Small Business,R06,2024-04-10,Standard
C0780,Pooja Singh,Corporate,R05,2023-11-10,Silver
C0781,Arjun Singh,Consumer,R05,2024-04-28,Silver
C0782,Rahul Mishra,Corporate,R05,2024-11-21,Silver
C0783,Sneha Patel,Consumer,R03,2023-01-28,Standard
C0784,Rahul Kapoor,Consumer,R03,2022-02-09,Gold
C0785,Vivek Kumar,Consumer,R02,2023-10-22,Platinum
C0786,Vivek Verma,Consumer,R07,2025-05-26,Standard
C0787,Vivek Mishra,Corporate,R05,2024-09-07,Standard
C0788,Vivek Verma,Consumer,R03,2025-01-10,Standard
C0789,Arjun Joshi,Consumer,R04,2024-04-24,Gold
C0790,Priya Gupta,Corporate,R08,2022-07-20,Silver
C0791,Isha Mishra,Corporate,R01,2023-03-23,Silver
C0792,Rahul Verma,Consumer,R05,2025-12-22,Standard
C0793,Aditya Kapoor,Corporate,R04,2024-11-27,Silver
C0794,Karan Gupta,Consumer,R05,2025-05-19,Standard
C0795,Aditi Kumar,Corporate,R01,2023-03-20,Standard
C0796,Ananya Kapoor,Corporate,R07,2025-09-12,Gold
C0797,Pooja Verma,Small Business,R08,2024-01-31,Platinum
C0798,Pooja Singh,Consumer,R05,2022-08-15,Platinum
C0799,Simran Mishra,Consumer,R05,2022-02-17,Platinum
C0800,Simran Kapoor,Consumer,R08,2024-11-07,Standard
C0801,Pooja Verma,Consumer,R05,2024-06-30,Standard
C0802,Karan Joshi,Consumer,R01,2022-07-06,Silver
C0803,Kabir Mehta,Small Business,R05,2022-12-11,Gold
C0804,Rohan Patel,Consumer,R05,2022-08-12,Standard
C0805,Riya Joshi,Consumer,R03,2024-04-09,Standard
C0806,Pooja Joshi,Corporate,R06,2023-05-03,Standard
C0807,Vivek Patel,Consumer,R08,2024-05-26,Silver
C0808,Vihaan Yadav,Corporate,R08,2024-04-28,Standard
C0809,Karan Gupta,Consumer,R04,2025-06-06,Standard
C0810,Ananya Malhotra,Consumer,R01,2025-11-14,Standard
C0811,Neha Sharma,Consumer,R08,2024-09-05,Standard
C0812,Vivek Mishra,Consumer,R07,2024-10-13,Gold
C0813,Riya Singh,Small Business,R01,2022-07-07,Standard
C0814,Karan Kapoor,Consumer,R08,2022-09-27,Silver
C0815,Priya Mishra,Consumer,R07,2022-11-06,Silver
C0816,Pooja Gupta,Consumer,R04,2025-03-01,Gold
C0817,Aarav Yadav,Consumer,R05,2024-12-31,Standard
C0818,Aditi Kapoor,Small Business,R03,2024-04-24,Platinum
C0819,Aarav Mishra,Consumer,R01,2025-04-25,Silver
C0820,Sneha Verma,Corporate,R03,2023-05-01,Platinum
C0821,Ananya Malhotra,Small Business,R06,2025-04-29,Gold
C0822,Aditya Yadav,Consumer,R01,2025-12-16,Standard
C0823,Neha Mishra,Small Business,R03,2022-04-30,Standard
C0824,Isha Kumar,Consumer,R03,2022-08-08,Standard
C0825,Vivek Gupta,Consumer,R04,2022-02-22,Silver
C0826,Vivek Mishra,Consumer,R07,2025-12-06,Standard
C0827,Kabir Malhotra,Corporate,R03,2025-06-14,Standard
C0828,Kabir Patel,Small Business,R03,2024-01-28,Standard
C0829,Simran Joshi,Consumer,R06,2024-01-08,Standard
C0830,Ananya Kumar,Corporate,R04,2023-12-21,Standard
C0831,Ankit Mishra,Consumer,R02,2023-02-10,Standard
C0832,Vivek Yadav,Consumer,R04,2023-08-31,Standard
C0833,Isha Patel,Consumer,R01,2024-10-17,Standard
C0834,Karan Singh,Small Business,R02,2023-02-26,Standard
C0835,Ankit Gupta,Corporate,R04,2023-12-13,Standard
C0836,Karan Patel,Consumer,R03,2022-09-04,Gold
C0837,Vivek Patel,Consumer,R07,2022-03-13,Silver
C0838,Vivek Mehta,Consumer,R03,2022-07-04,Standard
C0839,Simran Verma,Consumer,R05,2022-01-06,Standard
C0840,Vihaan Gupta,Consumer,R05,2025-05-14,Gold
C0841,Vihaan Mehta,Small Business,R01,2024-06-24,Gold
C0842,Pooja Gupta,Consumer,R05,2023-01-22,Gold
C0843,Ankit Joshi,Consumer,R02,2023-11-30,Silver
C0844,Vivek Mishra,Consumer,R08,2025-01-04,Standard
C0845,Simran Joshi,Small Business,R01,2025-04-15,Standard
C0846,Sneha Sharma,Corporate,R03,2024-04-06,Standard
C0847,Vivek Patel,Consumer,R01,2022-12-15,Platinum
C0848,Rahul Yadav,Corporate,R08,2025-07-02,Silver
C0849,Kabir Joshi,Consumer,R04,2022-11-04,Silver
C0850,Riya Sharma,Consumer,R05,2025-09-30,Standard
C0851,Ankit Mehta,Consumer,R01,2025-02-24,Gold
C0852,Aarav Sharma,Consumer,R06,2022-10-14,Standard
C0853,Rohan Yadav,Consumer,R02,2024-02-05,Standard
C0854,Ananya Yadav,Small Business,R07,2023-12-26,Standard
C0855,Ankit Sharma,Corporate,R02,2024-02-01,Silver
C0856,Ananya Kumar,Corporate,R02,2023-01-18,Standard
C0857,Ankit Joshi,Consumer,R01,2025-11-30,Gold
C0858,Vivek Singh,Consumer,R04,2023-01-23,Standard
C0859,Aarav Yadav,Corporate,R05,2023-06-09,Silver
C0860,Rohan Malhotra,Consumer,R01,2023-10-01,Silver
C0861,Riya Malhotra,Consumer,R06,2024-07-26,Standard
C0862,Arjun Gupta,Consumer,R04,2022-10-03,Gold
C0863,Karan Mishra,Corporate,R04,2023-05-15,Gold
C0864,Priya Sharma,Consumer,R04,2023-12-18,Silver
C0865,Neha Verma,Consumer,R03,2022-12-03,Gold
C0866,Riya Sharma,Corporate,R05,2024-07-20,Silver
C0867,Ananya Sharma,Consumer,R01,2023-04-26,Standard
C0868,Vihaan Yadav,Consumer,R02,2024-06-29,Silver
C0869,Karan Verma,Consumer,R07,2025-07-20,Standard
C0870,Meera Mishra,Consumer,R08,2024-12-17,Standard
C0871,Pooja Sharma,Corporate,R03,2025-09-13,Standard
C0872,Aditi Gupta,Consumer,R03,2022-04-19,Silver
C0873,Kabir Joshi,Consumer,R05,2025-07-26,Silver
C0874,Riya Gupta,Small Business,R03,2022-11-24,Standard
C0875,Priya Patel,Small Business,R01,2022-11-11,Silver
C0876,Rohan Joshi,Small Business,R01,2025-02-08,Gold
C0877,Pooja Malhotra,Consumer,R05,2023-11-30,Standard
C0878,Ananya Gupta,Consumer,R05,2024-02-20,Standard
C0879,Karan Singh,Small Business,R01,2025-06-06,Gold
C0880,Rahul Kumar,Corporate,R02,2022-06-05,Standard
C0881,Aditya Verma,Consumer,R02,2025-07-19,Silver
C0882,Ankit Patel,Consumer,R05,2024-06-05,Standard
C0883,Ananya Singh,Consumer,R01,2024-10-22,Standard
C0884,Ankit Sharma,Small Business,R01,2024-01-28,Silver
C0885,Sneha Joshi,Consumer,R06,2023-12-23,Silver
C0886,Riya Patel,Consumer,R02,2024-07-01,Gold
C0887,Arjun Malhotra,Consumer,R05,2025-08-02,Gold
C0888,Kabir Malhotra,Corporate,R02,2024-05-20,Gold
C0889,Ananya Yadav,Corporate,R01,2022-01-13,Silver
C0890,Arjun Kumar,Consumer,R03,2023-08-31,Standard
C0891,Priya Sharma,Corporate,R06,2023-05-13,Silver
C0892,Ananya Gupta,Small Business,R07,2022-08-26,Standard
C0893,Simran Verma,Consumer,R07,2025-01-22,Gold
C0894,Neha Kapoor,Consumer,R03,2025-09-23,Standard
C0895,Vihaan Malhotra,Consumer,R05,2024-02-20,Silver
C0896,Karan Yadav,Corporate,R02,2025-04-09,Standard
C0897,Rahul Kapoor,Consumer,R03,2023-08-29,Gold
C0898,Priya Malhotra,Corporate,R07,2023-10-23,Gold
C0899,Ankit Joshi,Corporate,R01,2024-04-28,Standard
C0900,Ankit Sharma,Consumer,R01,2024-07-24,Gold
C0901,Aditi Gupta,Small Business,R02,2023-09-20,Standard
C0902,Priya Kumar,Consumer,R01,2022-05-23,Silver
C0903,Arjun Gupta,Consumer,R02,2025-05-09,Gold
C0904,Ankit Kumar,Corporate,R05,2025-04-18,Standard
C0905,Ananya Singh,Corporate,R03,2023-12-15,Platinum
C0906,Ankit Kumar,Consumer,R07,2025-10-19,Standard
C0907,Karan Patel,Small Business,R06,2023-04-24,Standard
C0908,Arjun Yadav,Small Business,R03,2023-07-19,Gold
C0909,Ananya Kapoor,Consumer,R03,2023-04-16,Standard
C0910,Meera Yadav,Small Business,R03,2023-01-19,Platinum
C0911,Aditi Singh,Consumer,R05,2024-07-14,Platinum
C0912,Kabir Joshi,Consumer,R03,2023-02-21,Standard
C0913,Neha Verma,Consumer,R05,2022-11-04,Silver
C0914,Vihaan Singh,Small Business,R03,2023-10-11,Standard
C0915,Aditi Malhotra,Corporate,R05,2025-10-22,Standard
C0916,Isha Mishra,Consumer,R03,2024-10-21,Standard
C0917,Neha Mishra,Consumer,R03,2024-12-03,Standard
C0918,Riya Singh,Corporate,R08,2024-01-09,Standard
C0919,Ankit Singh,Consumer,R06,2025-01-26,Standard
C0920,Vihaan Kapoor,Small Business,R01,2025-07-12,Platinum
C0921,Aditya Singh,Corporate,R07,2022-05-20,Gold
C0922,Arjun Kumar,Consumer,R04,2025-06-14,Silver
C0923,Sneha Malhotra,Small Business,R07,2024-08-31,Silver
C0924,Sneha Mishra,Consumer,R06,2024-10-13,Gold
C0925,Isha Joshi,Small Business,R03,2024-08-10,Standard
C0926,Aditi Yadav,Corporate,R01,2024-06-22,Silver
C0927,Aditi Gupta,Corporate,R03,2022-03-13,Platinum
C0928,Vihaan Kapoor,Consumer,R05,2025-04-28,Standard
C0929,Vihaan Kapoor,Small Business,R05,2025-07-15,Silver
C0930,Meera Mehta,Consumer,R03,2025-09-06,Gold
C0931,Aarav Kumar,Consumer,R01,2022-04-17,Gold
C0932,Kabir Patel,Consumer,R07,2025-06-09,Silver
C0933,Aditya Yadav,Consumer,R08,2024-12-01,Standard
C0934,Sneha Gupta,Consumer,R04,2024-06-01,Standard
C0935,Pooja Mishra,Corporate,R02,2022-05-19,Standard
C0936,Simran Malhotra,Small Business,R03,2023-09-07,Gold
C0937,Sneha Sharma,Consumer,R01,2024-05-12,Standard
C0938,Ankit Joshi,Corporate,R07,2022-09-30,Gold
C0939,Vihaan Malhotra,Consumer,R01,2023-02-20,Standard
C0940,Ankit Sharma,Small Business,R05,2023-05-21,Standard
C0941,Kabir Mishra,Corporate,R03,2024-01-03,Standard
C0942,Vivek Malhotra,Consumer,R05,2023-02-28,Silver
C0943,Sneha Sharma,Corporate,R05,2025-12-01,Standard
C0944,Kabir Verma,Consumer,R07,2023-01-25,Standard
C0945,Pooja Sharma,Consumer,R02,2022-12-08,Silver
C0946,Rohan Mishra,Corporate,R01,2024-08-03,Standard
C0947,Sneha Joshi,Consumer,R01,2023-09-06,Standard
C0948,Rohan Mehta,Consumer,R07,2023-05-08,Gold
C0949,Kabir Yadav,Consumer,R07,2022-07-11,Silver
C0950,Karan Gupta,Corporate,R05,2023-05-14,Standard
C0951,Rohan Mishra,Consumer,R05,2024-04-01,Gold
C0952,Priya Mehta,Consumer,R05,2025-06-10,Platinum
C0953,Isha Kapoor,Corporate,R02,2022-08-15,Silver
C0954,Priya Singh,Corporate,R07,2025-10-26,Silver
C0955,Karan Patel,Consumer,R03,2022-05-19,Gold
C0956,Isha Yadav,Consumer,R03,2024-05-05,Platinum
C0957,Vivek Sharma,Consumer,R04,2024-03-27,Gold
C0958,Kabir Sharma,Consumer,R01,2025-03-18,Standard
C0959,Simran Joshi,Consumer,R02,2025-02-12,Silver
C0960,Aarav Singh,Corporate,R06,2024-12-22,Silver
C0961,Neha Joshi,Corporate,R01,2022-04-14,Standard
C0962,Pooja Malhotra,Corporate,R05,2024-05-20,Standard
C0963,Vivek Verma,Consumer,R03,2023-10-30,Gold
C0964,Arjun Malhotra,Corporate,R03,2022-09-30,Silver
C0965,Riya Kumar,Consumer,R03,2024-10-26,Standard
C0966,Aditi Kumar,Small Business,R03,2025-03-16,Silver
C0967,Rahul Kumar,Corporate,R05,2022-07-03,Standard
C0968,Arjun Verma,Consumer,R03,2024-11-17,Standard
C0969,Isha Joshi,Corporate,R05,2025-02-16,Gold
C0970,Meera Malhotra,Consumer,R04,2022-10-20,Standard
C0971,Pooja Sharma,Corporate,R05,2025-10-26,Standard
C0972,Riya Gupta,Consumer,R08,2025-06-21,Platinum
C0973,Priya Mishra,Consumer,R06,2025-05-26,Standard
C0974,Vivek Singh,Small Business,R02,2022-06-26,Standard
C0975,Rohan Yadav,Consumer,R01,2025-08-15,Platinum
C0976,Rohan Verma,Corporate,R03,2022-02-27,Silver
C0977,Aditya Mehta,Consumer,R05,2025-07-16,Silver
C0978,Sneha Yadav,Corporate,R01,2022-11-04,Gold
C0979,Karan Gupta,Corporate,R04,2025-08-04,Standard
C0980,Aditya Sharma,Consumer,R05,2024-09-03,Silver
C0981,Ankit Kumar,Consumer,R03,2025-02-02,Silver
C0982,Ananya Malhotra,Consumer,R06,2025-06-05,Gold
C0983,Pooja Malhotra,Consumer,R01,2025-06-24,Silver
C0984,Simran Verma,Consumer,R01,2023-12-01,Silver
C0985,Sneha Gupta,Corporate,R06,2022-03-24,Standard
C0986,Neha Mehta,Small Business,R04,2025-04-24,Standard
C0987,Meera Kapoor,Small Business,R05,2022-09-09,Gold
C0988,Neha Singh,Corporate,R03,2025-10-10,Silver
C0989,Arjun Malhotra,Corporate,R03,2024-03-06,Silver
C0990,Ankit Yadav,Corporate,R06,2024-06-15,Standard
C0991,Aditi Kapoor,Consumer,R06,2022-07-29,Silver
C0992,Arjun Singh,Small Business,R05,2024-03-26,Silver
C0993,Vihaan Kumar,Corporate,R03,2023-09-01,Gold
C0994,Vihaan Yadav,Consumer,R05,2023-03-23,Silver
C0995,Simran Mishra,Consumer,R03,2023-04-05,Gold
C0996,Rohan Mehta,Consumer,R01,2024-08-25,Gold
C0997,Ananya Gupta,Consumer,R07,2023-04-17,Silver
C0998,Riya Joshi,Small Business,R01,2023-01-05,Silver
C0999,Vihaan Kumar,Consumer,R08,2024-06-18,Gold
C1000,Rohan Malhotra,Consumer,R04,2024-07-11,Silver
C1001,Aditya Patel,Small Business,R02,2022-05-17,Gold
C1002,Pooja Verma,Consumer,R05,2023-01-02,Silver
C1003,Riya Yadav,Consumer,R07,2024-06-30,Silver
C1004,Aditya Joshi,Consumer,R06,2022-07-03,Standard
C1005,Sneha Patel,Corporate,R06,2025-08-03,Standard
C1006,Isha Mehta,Small Business,R05,2023-04-17,Platinum
C1007,Aarav Mishra,Consumer,R05,2025-10-30,Silver
C1008,Simran Gupta,Small Business,R07,2023-10-16,Silver
C1009,Priya Patel,Consumer,R03,2024-01-19,Platinum
C1010,Aditi Joshi,Small Business,R04,2023-06-21,Silver
C1011,Aarav Yadav,Corporate,R02,2024-03-12,Silver
C1012,Simran Yadav,Corporate,R08,2025-06-27,Gold
C1013,Vihaan Gupta,Consumer,R08,2024-07-08,Silver
C1014,Kabir Joshi,Small Business,R01,2023-05-25,Standard
C1015,Arjun Kapoor,Corporate,R05,2023-09-22,Standard
C1016,Pooja Kapoor,Consumer,R08,2024-09-28,Standard
C1017,Ankit Singh,Corporate,R02,2025-01-01,Standard
C1018,Ananya Mishra,Consumer,R05,2025-07-29,Silver
C1019,Neha Singh,Small Business,R07,2024-07-04,Standard
C1020,Ananya Gupta,Consumer,R01,2025-10-15,Standard
C1021,Karan Gupta,Corporate,R05,2024-10-30,Standard
C1022,Karan Mehta,Consumer,R03,2025-05-19,Standard
C1023,Kabir Gupta,Consumer,R08,2022-06-01,Silver
C1024,Sneha Malhotra,Consumer,R08,2024-10-25,Gold
C1025,Aditi Sharma,Consumer,R08,2025-05-03,Silver
C1026,Rohan Singh,Consumer,R04,2025-07-30,Standard
C1027,Aditya Kapoor,Consumer,R07,2023-04-09,Standard
C1028,Rahul Mishra,Corporate,R07,2025-02-10,Standard
C1029,Meera Gupta,Consumer,R03,2022-09-28,Silver
C1030,Neha Patel,Consumer,R07,2025-04-01,Standard
C1031,Vivek Kumar,Corporate,R01,2023-04-05,Silver
C1032,Riya Verma,Consumer,R05,2022-04-15,Standard
C1033,Karan Joshi,Small Business,R02,2025-07-29,Gold
C1034,Vihaan Singh,Small Business,R01,2022-06-11,Standard
C1035,Vivek Kapoor,Corporate,R01,2022-12-17,Standard
C1036,Isha Malhotra,Corporate,R05,2023-03-10,Gold
C1037,Neha Singh,Small Business,R03,2024-05-01,Standard
C1038,Riya Mehta,Consumer,R06,2022-05-20,Standard
C1039,Aarav Sharma,Consumer,R01,2025-03-01,Silver
C1040,Meera Malhotra,Consumer,R03,2022-03-28,Silver
C1041,Ananya Patel,Corporate,R04,2022-07-02,Silver
C1042,Neha Verma,Consumer,R06,2023-01-03,Standard
C1043,Isha Malhotra,Corporate,R03,2022-05-09,Standard
C1044,Neha Mehta,Small Business,R05,2025-06-23,Standard
C1045,Rohan Mishra,Small Business,R07,2023-11-01,Standard
C1046,Rahul Mishra,Consumer,R05,2025-11-02,Gold
C1047,Isha Mehta,Consumer,R02,2022-05-29,Silver
C1048,Pooja Sharma,Corporate,R01,2024-09-11,Standard
C1049,Aditi Gupta,Corporate,R07,2024-05-01,Silver
C1050,Rahul Sharma,Consumer,R01,2025-12-27,Standard
C1051,Priya Mishra,Consumer,R07,2023-09-20,Gold
C1052,Kabir Yadav,Small Business,R04,2023-03-22,Standard
C1053,Aarav Mehta,Corporate,R08,2024-06-02,Standard
C1054,Rahul Kapoor,Corporate,R06,2022-10-21,Silver
C1055,Rohan Kumar,Small Business,R08,2025-03-12,Silver
C1056,Aarav Singh,Consumer,R03,2022-09-07,Silver
C1057,Rahul Mishra,Consumer,R06,2024-05-27,Standard
C1058,Kabir Singh,Consumer,R03,2024-08-05,Standard
C1059,Rohan Sharma,Consumer,R04,2024-09-01,Silver
C1060,Rahul Kumar,Consumer,R05,2025-08-18,Standard
C1061,Ankit Kumar,Corporate,R07,2024-11-14,Gold
C1062,Pooja Patel,Corporate,R08,2024-02-28,Standard
C1063,Ankit Sharma,Small Business,R06,2024-09-10,Silver
C1064,Sneha Singh,Consumer,R03,2024-06-07,Silver
C1065,Sneha Kapoor,Corporate,R03,2024-06-08,Standard
C1066,Kabir Gupta,Corporate,R06,2022-03-11,Silver
C1067,Rahul Mishra,Corporate,R02,2023-09-17,Gold
C1068,Riya Singh,Corporate,R01,2024-05-24,Standard
C1069,Aditi Verma,Consumer,R03,2025-02-09,Gold
C1070,Vihaan Singh,Consumer,R03,2025-10-19,Silver
C1071,Karan Kumar,Consumer,R03,2025-08-19,Standard
C1072,Aditya Joshi,Consumer,R02,2023-04-16,Standard
C1073,Vivek Kapoor,Consumer,R01,2022-04-01,Standard
C1074,Neha Joshi,Corporate,R01,2023-06-14,Silver
C1075,Riya Kumar,Small Business,R08,2023-10-23,Gold
C1076,Ananya Verma,Corporate,R03,2024-01-09,Gold
C1077,Ankit Gupta,Corporate,R03,2023-12-27,Platinum
C1078,Rahul Malhotra,Consumer,R05,2024-05-21,Gold
C1079,Arjun Patel,Corporate,R02,2022-07-11,Silver
C1080,Ankit Joshi,Consumer,R08,2025-06-19,Standard
C1081,Isha Patel,Consumer,R06,2022-05-18,Silver
C1082,Meera Kumar,Consumer,R01,2022-12-11,Standard
C1083,Rahul Mehta,Consumer,R03,2025-04-18,Silver
C1084,Rohan Yadav,Consumer,R07,2024-10-05,Standard
C1085,Aditya Mishra,Consumer,R08,2023-05-18,Standard
C1086,Vihaan Verma,Consumer,R04,2022-07-22,Standard
C1087,Isha Mehta,Small Business,R05,2023-07-27,Standard
C1088,Sneha Mishra,Consumer,R02,2022-07-11,Silver
C1089,Neha Kapoor,Consumer,R08,2022-01-05,Standard
C1090,Simran Kapoor,Consumer,R02,2025-06-14,Silver
C1091,Rohan Malhotra,Corporate,R08,2022-11-07,Silver
C1092,Isha Sharma,Consumer,R05,2023-07-03,Silver
C1093,Rahul Malhotra,Consumer,R05,2022-02-25,Standard
C1094,Priya Verma,Consumer,R04,2023-03-19,Standard
C1095,Neha Sharma,Consumer,R02,2025-06-14,Silver
C1096,Aditi Mishra,Consumer,R02,2024-05-19,Silver
C1097,Pooja Mishra,Consumer,R02,2025-05-05,Standard
C1098,Isha Kapoor,Consumer,R02,2023-08-08,Standard
C1099,Rahul Malhotra,Consumer,R06,2024-01-22,Standard
C1100,Riya Sharma,Consumer,R03,2022-12-26,Silver
C1101,Riya Gupta,Corporate,R01,2024-03-29,Standard
C1102,Aditya Singh,Consumer,R08,2022-01-30,Silver
C1103,Rahul Joshi,Consumer,R07,2022-04-18,Gold
C1104,Priya Verma,Consumer,R08,2024-04-23,Standard
C1105,Meera Kumar,Small Business,R08,2023-12-18,Platinum
C1106,Vihaan Sharma,Consumer,R02,2024-06-09,Silver
C1107,Meera Kapoor,Consumer,R03,2024-08-17,Silver
C1108,Kabir Kumar,Corporate,R06,2024-06-11,Silver
C1109,Sneha Yadav,Consumer,R05,2024-01-02,Silver
C1110,Aditi Malhotra,Consumer,R01,2023-08-29,Silver
C1111,Ananya Singh,Consumer,R06,2023-04-02,Standard
C1112,Riya Kapoor,Small Business,R02,2023-09-07,Standard
C1113,Rahul Joshi,Consumer,R02,2023-11-29,Standard
C1114,Neha Singh,Corporate,R04,2023-11-05,Standard
C1115,Arjun Patel,Small Business,R05,2025-06-24,Standard
C1116,Riya Yadav,Consumer,R05,2023-06-27,Standard
C1117,Vivek Gupta,Consumer,R01,2024-05-06,Standard
C1118,Ananya Kumar,Consumer,R07,2024-06-15,Silver
C1119,Vivek Malhotra,Consumer,R03,2022-10-05,Gold
C1120,Riya Kumar,Consumer,R01,2023-07-06,Platinum
C1121,Pooja Kumar,Small Business,R07,2022-04-21,Silver
C1122,Ananya Patel,Corporate,R08,2023-01-20,Silver
C1123,Aarav Verma,Corporate,R07,2024-01-31,Gold
C1124,Ankit Kapoor,Consumer,R06,2025-04-29,Standard
C1125,Vihaan Yadav,Corporate,R05,2023-11-25,Standard
C1126,Ankit Patel,Small Business,R05,2025-12-20,Platinum
C1127,Rohan Mishra,Corporate,R01,2023-02-09,Silver
C1128,Meera Sharma,Consumer,R03,2025-09-20,Silver
C1129,Kabir Kapoor,Corporate,R03,2025-05-17,Standard
C1130,Aarav Patel,Consumer,R03,2022-01-22,Standard
C1131,Simran Verma,Consumer,R06,2023-11-09,Gold
C1132,Sneha Kumar,Consumer,R04,2023-09-03,Silver
C1133,Ankit Malhotra,Corporate,R01,2025-05-16,Standard
C1134,Riya Singh,Corporate,R02,2022-01-08,Standard
C1135,Ankit Mehta,Consumer,R05,2023-12-03,Silver
C1136,Vihaan Kumar,Consumer,R01,2023-06-13,Silver
C1137,Rahul Malhotra,Consumer,R07,2023-08-25,Standard
C1138,Pooja Malhotra,Consumer,R04,2023-10-19,Gold
C1139,Simran Mehta,Consumer,R04,2022-06-15,Standard
C1140,Simran Kumar,Consumer,R05,2024-04-28,Standard
C1141,Kabir Kapoor,Corporate,R07,2023-05-11,Silver
C1142,Neha Kumar,Consumer,R03,2023-08-13,Standard
C1143,Aditi Mishra,Consumer,R05,2023-03-05,Gold
C1144,Ankit Gupta,Consumer,R05,2024-02-13,Silver
C1145,Aarav Kapoor,Small Business,R03,2022-06-12,Gold
C1146,Neha Mehta,Corporate,R07,2023-01-01,Standard
C1147,Rohan Gupta,Corporate,R06,2025-06-16,Standard
C1148,Rahul Singh,Consumer,R05,2022-03-13,Standard
C1149,Priya Sharma,Corporate,R07,2023-10-17,Silver
C1150,Aditya Singh,Consumer,R07,2022-09-26,Silver
C1151,Priya Joshi,Corporate,R05,2023-02-19,Gold
C1152,Ananya Sharma,Small Business,R07,2025-06-22,Silver
C1153,Priya Verma,Corporate,R05,2024-10-12,Gold
C1154,Karan Sharma,Small Business,R05,2023-11-06,Silver
C1155,Aarav Gupta,Corporate,R05,2024-12-19,Standard
C1156,Rohan Mishra,Consumer,R06,2022-01-06,Standard
C1157,Ananya Kapoor,Small Business,R01,2024-09-08,Silver
C1158,Rahul Mehta,Consumer,R07,2023-07-24,Standard
C1159,Kabir Mishra,Consumer,R07,2023-02-11,Standard
C1160,Ankit Yadav,Consumer,R01,2025-05-25,Silver
C1161,Ankit Kapoor,Consumer,R07,2022-01-26,Gold
C1162,Rohan Malhotra,Consumer,R01,2024-10-25,Standard
C1163,Aditya Mishra,Consumer,R03,2024-09-12,Gold
C1164,Kabir Verma,Consumer,R06,2023-01-25,Gold
C1165,Rohan Verma,Consumer,R02,2023-12-11,Silver
C1166,Ankit Kumar,Consumer,R06,2023-07-25,Standard
C1167,Meera Gupta,Consumer,R07,2024-01-24,Standard
C1168,Vihaan Patel,Consumer,R04,2022-05-26,Silver
C1169,Simran Yadav,Consumer,R01,2025-11-12,Silver
C1170,Riya Gupta,Corporate,R03,2024-02-24,Gold
C1171,Neha Singh,Corporate,R05,2025-06-26,Silver
C1172,Riya Verma,Corporate,R08,2023-06-10,Standard
C1173,Aditi Mehta,Corporate,R05,2022-01-13,Standard
C1174,Arjun Malhotra,Consumer,R03,2024-06-21,Silver
C1175,Isha Malhotra,Corporate,R05,2023-01-19,Standard
C1176,Riya Kumar,Consumer,R04,2023-07-10,Standard
C1177,Aditya Mishra,Consumer,R06,2024-06-05,Silver
C1178,Priya Mishra,Corporate,R01,2025-11-23,Standard
C1179,Rahul Kapoor,Consumer,R06,2022-01-19,Standard
C1180,Sneha Verma,Corporate,R05,2023-07-29,Standard
C1181,Priya Singh,Corporate,R08,2024-01-21,Standard
C1182,Rahul Patel,Small Business,R03,2024-09-30,Standard
C1183,Simran Malhotra,Small Business,R05,2023-02-23,Silver
C1184,Vihaan Verma,Consumer,R08,2025-09-22,Gold
C1185,Simran Malhotra,Consumer,R01,2023-02-23,Standard
C1186,Ananya Singh,Corporate,R08,2022-05-02,Gold
C1187,Neha Joshi,Consumer,R05,2023-03-08,Standard
C1188,Rohan Mehta,Corporate,R01,2022-02-13,Silver
C1189,Aditi Gupta,Corporate,R03,2025-09-02,Gold
C1190,Ananya Kumar,Corporate,R05,2023-01-16,Silver
C1191,Aditya Gupta,Consumer,R01,2022-05-25,Gold
C1192,Vihaan Kapoor,Consumer,R05,2025-09-12,Standard
C1193,Rahul Yadav,Consumer,R03,2022-12-29,Standard
C1194,Kabir Singh,Consumer,R05,2024-12-09,Gold
C1195,Riya Yadav,Small Business,R01,2024-12-24,Standard
C1196,Karan Mishra,Consumer,R07,2022-12-21,Standard
C1197,Rohan Mishra,Consumer,R08,2024-03-10,Silver
C1198,Priya Kumar,Consumer,R08,2025-04-02,Gold
C1199,Aditi Verma,Corporate,R06,2025-03-10,Gold
C1200,Kabir Verma,Corporate,R01,2024-04-05,Standard
